"OPTZ_PLN_ID","WORK_DATE","WORK_TYPE","WORK_CLSF","WORK_DATE_SEQ","WORK_CLSF_SEQ","WORK_DATE_TYPE"
"2539_20250918_3W_C03_NPS_3BAY_06","20251028","3","N","44.0","88.0","11"
"2539_20250918_3W_C03_NPS_3BAY_06","20251029","3","B","45.0","89.0","11"
"2539_20250918_3W_C03_NPS_3BAY_06","20251029","3","A","45.0","90.0","11"
"2539_20250918_3W_C03_NPS_3BAY_06","20251029","3","N","45.0","91.0","11"
"2539_20250918_3W_C03_NPS_3BAY_06","20251030","3","B","46.0","92.0","11"
"2539_20250918_3W_C03_NPS_3BAY_06","20251030","3","A","46.0","93.0","11"
"2539_20250918_3W_C03_NPS_3BAY_06","20251030","3","N","46.0","94.0","11"
"2539_20250918_3W_C03_NPS_3BAY_06","20251031","3","B","47.0","95.0","11"
"2539_20250918_3W_C03_NPS_3BAY_06","20251031","3","A","47.0","96.0","11"
"2539_20250918_3W_C03_NPS_3BAY_06","20251031","3","N","47.0","97.0","11"
"2539_20250918_3W_C03_NPS_3BAY_06","20250919","2","N","5.0","10.0","11"
"2539_20250918_3W_C03_NPS_3BAY_06","20251103","3","B","50.0","98.0","11"
"2539_20250918_3W_C03_NPS_3BAY_06","20250920","2","B","6.0","11.0","11"
"2539_20250918_3W_C03_NPS_3BAY_06","20251103","3","A","50.0","99.0","11"
"2539_20250918_3W_C03_NPS_3BAY_06","20250920","2","N","6.0","12.0","11"
"2539_20250918_3W_C03_NPS_3BAY_06","20250922","2","B","8.0","13.0","11"
"2539_20250918_3W_C03_NPS_3BAY_06","20250922","2","N","8.0","14.0","11"
"2539_20250918_3W_C03_NPS_3BAY_06","20250923","2","B","9.0","15.0","11"
"2539_20250918_3W_C03_NPS_3BAY_06","20250923","2","N","9.0","16.0","11"
"2539_20250918_3W_C03_NPS_3BAY_06","20250924","2","B","10.0","17.0","11"
"2539_20250918_3W_C03_NPS_3BAY_06","20250924","2","N","10.0","18.0","11"
"2539_20250918_3W_C03_NPS_3BAY_06","20250925","2","B","11.0","19.0","11"
"2539_20250918_3W_C03_NPS_3BAY_06","20250915","2","B","1.0","1.0","11"
"2539_20250918_3W_C03_NPS_3BAY_06","20250915","2","N","1.0","2.0","11"
"2539_20250918_3W_C03_NPS_3BAY_06","20250916","2","B","2.0","3.0","11"
"2539_20250918_3W_C03_NPS_3BAY_06","20250916","2","N","2.0","4.0","11"
"2539_20250918_3W_C03_NPS_3BAY_06","20250917","2","B","3.0","5.0","11"
"2539_20250918_3W_C03_NPS_3BAY_06","20250917","2","N","3.0","6.0","11"
"2539_20250918_3W_C03_NPS_3BAY_06","20250918","2","B","4.0","7.0","11"
"2539_20250918_3W_C03_NPS_3BAY_06","20250918","2","N","4.0","8.0","11"
"2539_20250918_3W_C03_NPS_3BAY_06","20250919","2","B","5.0","9.0","11"
"2539_20250918_3W_C03_NPS_3BAY_06","20250925","2","N","11.0","20.0","11"
"2539_20250918_3W_C03_NPS_3BAY_06","20250926","2","B","12.0","21.0","11"
"2539_20250918_3W_C03_NPS_3BAY_06","20250926","2","N","12.0","22.0","11"
"2539_20250918_3W_C03_NPS_3BAY_06","20250927","2","B","13.0","23.0","11"
"2539_20250918_3W_C03_NPS_3BAY_06","20250927","2","N","13.0","24.0","11"
"2539_20250918_3W_C03_NPS_3BAY_06","20250929","2","B","15.0","25.0","11"
"2539_20250918_3W_C03_NPS_3BAY_06","20250929","2","N","15.0","26.0","11"
"2539_20250918_3W_C03_NPS_3BAY_06","20250930","2","B","16.0","27.0","11"
"2539_20250918_3W_C03_NPS_3BAY_06","20250930","2","N","16.0","28.0","11"
"2539_20250918_3W_C03_NPS_3BAY_06","20251001","3","B","17.0","29.0","11"
"2539_20250918_3W_C03_NPS_3BAY_06","20251001","3","A","17.0","30.0","11"
"2539_20250918_3W_C03_NPS_3BAY_06","20251001","3","N","17.0","31.0","11"
"2539_20250918_3W_C03_NPS_3BAY_06","20251002","3","B","18.0","32.0","11"
"2539_20250918_3W_C03_NPS_3BAY_06","20251002","3","A","18.0","33.0","11"
"2539_20250918_3W_C03_NPS_3BAY_06","20251002","3","N","18.0","34.0","11"
"2539_20250918_3W_C03_NPS_3BAY_06","20251003","3","B","19.0","35.0","31"
"2539_20250918_3W_C03_NPS_3BAY_06","20251003","3","A","19.0","36.0","31"
"2539_20250918_3W_C03_NPS_3BAY_06","20251003","3","N","19.0","37.0","31"
"2539_20250918_3W_C03_NPS_3BAY_06","20251006","3","B","22.0","38.0","31"
"2539_20250918_3W_C03_NPS_3BAY_06","20251006","3","A","22.0","39.0","31"
"2539_20250918_3W_C03_NPS_3BAY_06","20251006","3","N","22.0","40.0","31"
"2539_20250918_3W_C03_NPS_3BAY_06","20251007","3","B","23.0","41.0","31"
"2539_20250918_3W_C03_NPS_3BAY_06","20251007","3","A","23.0","42.0","31"
"2539_20250918_3W_C03_NPS_3BAY_06","20251007","3","N","23.0","43.0","31"
"2539_20250918_3W_C03_NPS_3BAY_06","20251008","3","B","24.0","44.0","31"
"2539_20250918_3W_C03_NPS_3BAY_06","20251008","3","A","24.0","45.0","31"
"2539_20250918_3W_C03_NPS_3BAY_06","20251008","3","N","24.0","46.0","31"
"2539_20250918_3W_C03_NPS_3BAY_06","20251009","3","B","25.0","47.0","11"
"2539_20250918_3W_C03_NPS_3BAY_06","20251009","3","A","25.0","48.0","11"
"2539_20250918_3W_C03_NPS_3BAY_06","20251009","3","N","25.0","49.0","11"
"2539_20250918_3W_C03_NPS_3BAY_06","20251010","3","B","26.0","50.0","11"
"2539_20250918_3W_C03_NPS_3BAY_06","20251010","3","A","26.0","51.0","11"
"2539_20250918_3W_C03_NPS_3BAY_06","20251010","3","N","26.0","52.0","11"
"2539_20250918_3W_C03_NPS_3BAY_06","20251013","3","B","29.0","53.0","11"
"2539_20250918_3W_C03_NPS_3BAY_06","20251013","3","A","29.0","54.0","11"
"2539_20250918_3W_C03_NPS_3BAY_06","20251013","3","N","29.0","55.0","11"
"2539_20250918_3W_C03_NPS_3BAY_06","20251014","3","B","30.0","56.0","11"
"2539_20250918_3W_C03_NPS_3BAY_06","20251014","3","A","30.0","57.0","11"
"2539_20250918_3W_C03_NPS_3BAY_06","20251014","3","N","30.0","58.0","11"
"2539_20250918_3W_C03_NPS_3BAY_06","20251015","3","B","31.0","59.0","11"
"2539_20250918_3W_C03_NPS_3BAY_06","20251015","3","A","31.0","60.0","11"
"2539_20250918_3W_C03_NPS_3BAY_06","20251015","3","N","31.0","61.0","11"
"2539_20250918_3W_C03_NPS_3BAY_06","20251016","3","B","32.0","62.0","11"
"2539_20250918_3W_C03_NPS_3BAY_06","20251016","3","A","32.0","63.0","11"
"2539_20250918_3W_C03_NPS_3BAY_06","20251016","3","N","32.0","64.0","11"
"2539_20250918_3W_C03_NPS_3BAY_06","20251017","3","B","33.0","65.0","11"
"2539_20250918_3W_C03_NPS_3BAY_06","20251017","3","A","33.0","66.0","11"
"2539_20250918_3W_C03_NPS_3BAY_06","20251017","3","N","33.0","67.0","11"
"2539_20250918_3W_C03_NPS_3BAY_06","20251020","3","B","36.0","68.0","11"
"2539_20250918_3W_C03_NPS_3BAY_06","20251020","3","A","36.0","69.0","11"
"2539_20250918_3W_C03_NPS_3BAY_06","20251020","3","N","36.0","70.0","11"
"2539_20250918_3W_C03_NPS_3BAY_06","20251021","3","B","37.0","71.0","11"
"2539_20250918_3W_C03_NPS_3BAY_06","20251021","3","A","37.0","72.0","11"
"2539_20250918_3W_C03_NPS_3BAY_06","20251021","3","N","37.0","73.0","11"
"2539_20250918_3W_C03_NPS_3BAY_06","20251022","3","B","38.0","74.0","11"
"2539_20250918_3W_C03_NPS_3BAY_06","20251022","3","A","38.0","75.0","11"
"2539_20250918_3W_C03_NPS_3BAY_06","20251022","3","N","38.0","76.0","11"
"2539_20250918_3W_C03_NPS_3BAY_06","20251023","3","B","39.0","77.0","11"
"2539_20250918_3W_C03_NPS_3BAY_06","20251023","3","A","39.0","78.0","11"
"2539_20250918_3W_C03_NPS_3BAY_06","20251023","3","N","39.0","79.0","11"
"2539_20250918_3W_C03_NPS_3BAY_06","20251103","3","N","50.0","100.0","11"
"2539_20250918_3W_C03_NPS_3BAY_06","20251024","3","B","40.0","80.0","11"
"2539_20250918_3W_C03_NPS_3BAY_06","20251024","3","A","40.0","81.0","11"
"2539_20250918_3W_C03_NPS_3BAY_06","20251024","3","N","40.0","82.0","11"
"2539_20250918_3W_C03_NPS_3BAY_06","20251027","3","B","43.0","83.0","11"
"2539_20250918_3W_C03_NPS_3BAY_06","20251027","3","A","43.0","84.0","11"
"2539_20250918_3W_C03_NPS_3BAY_06","20251027","3","N","43.0","85.0","11"
"2539_20250918_3W_C03_NPS_3BAY_06","20251028","3","B","44.0","86.0","11"
"2539_20250918_3W_C03_NPS_3BAY_06","20251028","3","A","44.0","87.0","11"
